SKU,Titolo,Descrizione,Prezzo,Categoria,URL_Immagine
SMH360-ALX-001,Videocamera Wi-Fi 1080p Infrarossi 1,"Telecamera intelligente con visione notturna, compatibile Alexa e Google Home. Modello n°1.",22.84,Sicurezza,https://shsmarthome360.github.io/smarthome360/images/camera1.jpg
SMH360-ALX-002,Videocamera Wi-Fi 1080p Infrarossi 2,"Telecamera intelligente con visione notturna, compatibile Alexa e Google Home. Modello n°2.",23.69,Sicurezza,https://shsmarthome360.github.io/smarthome360/images/camera2.jpg
SMH360-ALX-003,Videocamera Wi-Fi 1080p Infrarossi 3,"Telecamera intelligente con visione notturna, compatibile Alexa e Google Home. Modello n°3.",24.54,Sicurezza,https://shsmarthome360.github.io/smarthome360/images/camera3.jpg
SMH360-ALX-004,Videocamera Wi-Fi 1080p Infrarossi 4,"Telecamera intelligente con visione notturna, compatibile Alexa e Google Home. Modello n°4.",25.39,Sicurezza,https://shsmarthome360.github.io/smarthome360/images/camera4.jpg
SMH360-ALX-005,Videocamera Wi-Fi 1080p Infrarossi 5,"Telecamera intelligente con visione notturna, compatibile Alexa e Google Home. Modello n°5.",26.24,Sicurezza,https://shsmarthome360.github.io/smarthome360/images/camera5.jpg
SMH360-ALX-006,Videocamera Wi-Fi 1080p Infrarossi 6,"Telecamera intelligente con visione notturna, compatibile Alexa e Google Home. Modello n°6.",27.09,Sicurezza,https://shsmarthome360.github.io/smarthome360/images/camera6.jpg
SMH360-ALX-007,Videocamera Wi-Fi 1080p Infrarossi 7,"Telecamera intelligente con visione notturna, compatibile Alexa e Google Home. Modello n°7.",27.94,Sicurezza,https://shsmarthome360.github.io/smarthome360/images/camera7.jpg
SMH360-ALX-008,Videocamera Wi-Fi 1080p Infrarossi 8,"Telecamera intelligente con visione notturna, compatibile Alexa e Google Home. Modello n°8.",28.79,Sicurezza,https://shsmarthome360.github.io/smarthome360/images/camera8.jpg
SMH360-ALX-009,Videocamera Wi-Fi 1080p Infrarossi 9,"Telecamera intelligente con visione notturna, compatibile Alexa e Google Home. Modello n°9.",29.64,Sicurezza,https://shsmarthome360.github.io/smarthome360/images/camera9.jpg
SMH360-ALX-010,Videocamera Wi-Fi 1080p Infrarossi 10,"Telecamera intelligente con visione notturna, compatibile Alexa e Google Home. Modello n°10.",30.49,Sicurezza,https://shsmarthome360.github.io/smarthome360/images/camera10.jpg
SMH360-ALX-011,Videocamera Wi-Fi 1080p Infrarossi 11,"Telecamera intelligente con visione notturna, compatibile Alexa e Google Home. Modello n°11.",31.34,Sicurezza,https://shsmarthome360.github.io/smarthome360/images/camera11.jpg
SMH360-ALX-012,Videocamera Wi-Fi 1080p Infrarossi 12,"Telecamera intelligente con visione notturna, compatibile Alexa e Google Home. Modello n°12.",32.19,Sicurezza,https://shsmarthome360.github.io/smarthome360/images/camera12.jpg
SMH360-ALX-013,Videocamera Wi-Fi 1080p Infrarossi 13,"Telecamera intelligente con visione notturna, compatibile Alexa e Google Home. Modello n°13.",33.04,Sicurezza,https://shsmarthome360.github.io/smarthome360/images/camera13.jpg
SMH360-ALX-014,Videocamera Wi-Fi 1080p Infrarossi 14,"Telecamera intelligente con visione notturna, compatibile Alexa e Google Home. Modello n°14.",33.89,Sicurezza,https://shsmarthome360.github.io/smarthome360/images/camera14.jpg
SMH360-ALX-015,Videocamera Wi-Fi 1080p Infrarossi 15,"Telecamera intelligente con visione notturna, compatibile Alexa e Google Home. Modello n°15.",34.74,Sicurezza,https://shsmarthome360.github.io/smarthome360/images/camera15.jpg
SMH360-ALX-016,Videocamera Wi-Fi 1080p Infrarossi 16,"Telecamera intelligente con visione notturna, compatibile Alexa e Google Home. Modello n°16.",35.59,Sicurezza,https://shsmarthome360.github.io/smarthome360/images/camera16.jpg
SMH360-ALX-017,Videocamera Wi-Fi 1080p Infrarossi 17,"Telecamera intelligente con visione notturna, compatibile Alexa e Google Home. Modello n°17.",36.44,Sicurezza,https://shsmarthome360.github.io/smarthome360/images/camera17.jpg
SMH360-ALX-018,Videocamera Wi-Fi 1080p Infrarossi 18,"Telecamera intelligente con visione notturna, compatibile Alexa e Google Home. Modello n°18.",37.29,Sicurezza,https://shsmarthome360.github.io/smarthome360/images/camera18.jpg
SMH360-ALX-019,Videocamera Wi-Fi 1080p Infrarossi 19,"Telecamera intelligente con visione notturna, compatibile Alexa e Google Home. Modello n°19.",38.14,Sicurezza,https://shsmarthome360.github.io/smarthome360/images/camera19.jpg
SMH360-ALX-020,Videocamera Wi-Fi 1080p Infrarossi 20,"Telecamera intelligente con visione notturna, compatibile Alexa e Google Home. Modello n°20.",38.99,Sicurezza,https://shsmarthome360.github.io/smarthome360/images/camera20.jpg
SMH360-ALX-021,Videocamera Wi-Fi 1080p Infrarossi 21,"Telecamera intelligente con visione notturna, compatibile Alexa e Google Home. Modello n°21.",39.84,Sicurezza,https://shsmarthome360.github.io/smarthome360/images/camera21.jpg
SMH360-ALX-022,Videocamera Wi-Fi 1080p Infrarossi 22,"Telecamera intelligente con visione notturna, compatibile Alexa e Google Home. Modello n°22.",40.69,Sicurezza,https://shsmarthome360.github.io/smarthome360/images/camera22.jpg
SMH360-ALX-023,Videocamera Wi-Fi 1080p Infrarossi 23,"Telecamera intelligente con visione notturna, compatibile Alexa e Google Home. Modello n°23.",41.54,Sicurezza,https://shsmarthome360.github.io/smarthome360/images/camera23.jpg
SMH360-ALX-024,Videocamera Wi-Fi 1080p Infrarossi 24,"Telecamera intelligente con visione notturna, compatibile Alexa e Google Home. Modello n°24.",42.39,Sicurezza,https://shsmarthome360.github.io/smarthome360/images/camera24.jpg
SMH360-ALX-025,Videocamera Wi-Fi 1080p Infrarossi 25,"Telecamera intelligente con visione notturna, compatibile Alexa e Google Home. Modello n°25.",43.24,Sicurezza,https://shsmarthome360.github.io/smarthome360/images/camera25.jpg
SMH360-ALX-026,Videocamera Wi-Fi 1080p Infrarossi 26,"Telecamera intelligente con visione notturna, compatibile Alexa e Google Home. Modello n°26.",44.09,Sicurezza,https://shsmarthome360.github.io/smarthome360/images/camera26.jpg
SMH360-ALX-027,Videocamera Wi-Fi 1080p Infrarossi 27,"Telecamera intelligente con visione notturna, compatibile Alexa e Google Home. Modello n°27.",44.94,Sicurezza,https://shsmarthome360.github.io/smarthome360/images/camera27.jpg
SMH360-ALX-028,Videocamera Wi-Fi 1080p Infrarossi 28,"Telecamera intelligente con visione notturna, compatibile Alexa e Google Home. Modello n°28.",45.79,Sicurezza,https://shsmarthome360.github.io/smarthome360/images/camera28.jpg
SMH360-ALX-029,Videocamera Wi-Fi 1080p Infrarossi 29,"Telecamera intelligente con visione notturna, compatibile Alexa e Google Home. Modello n°29.",46.64,Sicurezza,https://shsmarthome360.github.io/smarthome360/images/camera29.jpg
SMH360-ALX-030,Videocamera Wi-Fi 1080p Infrarossi 30,"Telecamera intelligente con visione notturna, compatibile Alexa e Google Home. Modello n°30.",47.49,Sicurezza,https://shsmarthome360.github.io/smarthome360/images/camera30.jpg
